Crop;Approx_domestication;First_domestication_location;Soil_depth;Soil_nutrients;Preferred_rainfall;Temperature_range_C;Insolation;Preferred_soil_texture;Yield_low_t_ha;Yield_avg_t_ha;Yield_high_t_ha;Nitrogen Fixing (yes/no);Fibrous (yes/no);Spice (yes/no);Used for brewing tea/coffee/drinks;Fermented for beer/wine (yes/no);Sources (URLs), separate with `|` for parsing
Wheat (Triticum spp.);~10000–9000 BP;Fertile Crescent (Levant);Medium;Medium–rich;300–900 mm/yr (rainfed);5–25;Medium;Loam, silt loam;0.5;3;8;;;;;;
Rice (Oryza sativa);~9000–7000 BP;Yangtze River valley (China);Shallow–medium (puddled);Medium–rich;1000–2000 mm/yr;20–35;High;Clay loam, silty clay;1.5;4.5;10;;;;;;
Maize / Corn (Zea mays);~9000 BP;Balsas River Valley (Mexico);Medium–deep;Medium–rich;500–1200 mm/yr;15–32;High;Loam, sandy loam;1;4;12;;;;;;
Barley (Hordeum vulgare);~10000 BP;Fertile Crescent;Shallow–medium;Medium;200–600 mm/yr;0–30;Medium;Sandy loam to loam;0.6;2.5;6;;;;;;
Sorghum (Sorghum bicolor);~5000–3000 BP;East Africa (Sudan region);Medium–deep;Low–medium;300–800 mm/yr;15–35;High;Sandy loam, loam;0.4;1.5;6;;;;;;
Millet (Pearl millet, Pennisetum glaucum);~4000–3000 BP;Sahel / West Africa;Shallow–medium;Low–medium;200–600 mm/yr;20–35;High;Sandy to loam;0.2;1;3;;;;;;
Teff (Eragrostis tef);~3000 BP;Ethiopia (Horn of Africa);Shallow;Low–medium;400–900 mm/yr;15–25;Medium;Loam, well-drained;0.4;1.7;3.5;;;;;;
Oats (Avena sativa);~3000 BP;Eurasia (likely Fertile Crescent/Europe);Medium;Medium;400–1000 mm/yr;5–25;Medium;Loam, clay loam;0.8;3;6.5;;;;;;
Rye (Secale cereale);~3000 BP;Eurasia (Central/Western Asia, Europe);Medium;Medium;300–800 mm/yr;0–25;Medium;Sandy loam to loam;0.5;2;5;;;;;;
Quinoa (Chenopodium quinoa);~6000–5000 BP;Andes (Peru/Bolivia);Shallow–medium;Low–medium;300–800 mm/yr;5–22;High;Sandy loam to loam;0.2;1;3;;;;;;
Amaranth (Amaranthus spp.);~4000–3000 BP;Central/South America;Shallow–medium;Low–medium;300–900 mm/yr;10–30;High;Sandy loam, loam;0.3;1;3;;;;;;
Buckwheat (Fagopyrum esculentum);~3000–2000 BP;Central Asia/East Asia;Shallow;Low–medium;400–1000 mm/yr;5–25;Medium;Light, well-drained soils;0.5;1.5;3;;;;;;
Soya / Soybean (Glycine max);~3000–2500 BP;East Asia (China);Medium;High;500–1200 mm/yr;15–30;High;Loam, silty loam;0.8;2.5;4;;;;;;
Chickpea (Cicer arietinum);~9000–7000 BP;Fertile Crescent / Turkey region;Shallow–medium;Low–medium;300–700 mm/yr;10–30;Medium;Loam, clay loam;0.2;0.8;1.8;;;;;;
Lentil (Lens culinaris);~9000–8000 BP;Fertile Crescent;Shallow;Low–medium;300–700 mm/yr;5–30;Medium;Loam, sandy loam;0.2;0.9;2;;;;;;
Pea (Pisum sativum);~9000–7000 BP;Fertile Crescent / Mediterranean;Shallow;Medium;400–1000 mm/yr;5–25;Medium;Loam, sandy loam;0.5;2;4;;;;;;
Cowpea (Vigna unguiculata);~3000–2000 BP;West Africa;Shallow–medium;Low–medium;300–800 mm/yr;20–35;High;Sandy loam;0.2;0.8;2;;;;;;
Peanut / Groundnut (Arachis hypogaea);~3500–3000 BP;South America (Paraguay/Brazil);Shallow;Medium;500–1200 mm/yr;18–30;High;Sandy loam;0.5;1.5;4;;;;;;
Common bean (Phaseolus vulgaris);~8000 BP;Mesoamerica & Andes (independent centers);Shallow–medium;Medium;500–1500 mm/yr;15–30;High;Loam, sandy loam;0.3;1.2;3;;;;;;
Potato (Solanum tuberosum);~7000–5000 BP;Andes (Peru/Bolivia);Medium–deep;Medium–rich;500–1500 mm/yr;5–20;Medium;Loam, well-drained;5;12;40;;;;;;
Sweet potato (Ipomoea batatas);~5000–3000 BP;New Guinea and/or tropical Americas;Shallow–medium;Medium;1000–2000 mm/yr;18–30;High;Sandy loam to loam;5;10;30;;;;;;
Cassava / Manioc (Manihot esculenta);~5000–3000 BP;South America (Brazil/Paraguay);Shallow–medium;Low–medium;800–2000 mm/yr;20–35;High;Sandy to loam;5;12;40;;;;;;
Yam (Dioscorea spp.);~3000–2000 BP;West Africa & Southeast Asia;Medium–deep;Medium;1000–2000 mm/yr;20–30;High;Loam, friable soils;5;10;25;;;;;;
Banana / Plantain (Musa spp.);~7000–5000 BP;Southeast Asia / New Guinea;Shallow–medium;High;1200–3000 mm/yr;15–35;High;Loam, rich organic soils;10;30;80;;;;;;
Plantain (cooking banana) (Musa spp.);Ancient;Southeast Asia;Shallow–medium;High;1200–3000 mm/yr;18–30;High;Loam, high organic;8;25;60;;;;;;
Sugarcane (Saccharum officinarum);~8000–5000 BP;New Guinea;Shallow–deep;High;1500–3000 mm/yr;20–35;High;Clay loam to loam;40;70;150;;;;;;
Cocoa / Cacao (Theobroma cacao);~3000–2000 BP;Amazonia / Upper Amazon;Shallow;High;1500–3000 mm/yr;18–28;Medium;Loam, well-drained, high organic;0.3;0.8;3;;;;;;
Coffee (Coffea arabica);~1000 BP (domestication);Ethiopia (forests);Shallow–medium;Medium–rich;1200–2500 mm/yr;15–24;Medium;Loam, rich humus;0.3;0.8;2;;;;;;
Tea (Camellia sinensis);~5000–3000 BP (cultivation);China (Yunnan area);Shallow;Medium;1000–2500 mm/yr;10–30;Medium;Acidic loam;0.5;2;4;;;;;;
Olive (Olea europaea);~6000 BP;Eastern Mediterranean;Shallow–medium;Low–medium;400–700 mm/yr;10–35;High;Stony, well-drained loam;1;3;8 (olive oil equiv.);;;;;;
Date palm (Phoenix dactylifera);~6000–5000 BP;Mesopotamia / Arabian Peninsula;Deep;Medium;100–300 mm/yr (irrigated);20–45;High;Sandy loam, deep soils;5;12;30 (fruit t/ha);;;;;;
Fig (Ficus carica);~9000 BP;Eastern Mediterranean;Shallow–medium;Medium;400–1000 mm/yr;10–35;High;Loam, well-drained;2;8;20;;;;;;
Grapevine (Vitis vinifera);~8000–6000 BP;Near East (Caucasus/Anatolia);Shallow–medium;Medium;400–1000 mm/yr;10–30;High;Gravelly loam to loam;2;10;20;;;;;;
Apple (Malus domestica);~4000–3000 BP;Central Asia (Kazakhstan);Shallow–medium;Medium;500–1000 mm/yr;0–25;Medium;Loam, deep;10;30;60;;;;;;
Pear (Pyrus communis);~3000–2000 BP;Eurasia;Shallow–medium;Medium;500–1000 mm/yr;0–25;Medium;Loam, well-drained;10;25;50;;;;;;
Mango (Mangifera indica);~4000–2500 BP;South Asia (India);Shallow–medium;Medium–rich;750–2500 mm/yr;20–35;High;Deep loam;5;10;30;;;;;;
Citrus (orange, lemon, lime) (Citrus spp.);Domesticated multiple times;Southeast Asia / South China;Shallow–medium;Medium–rich;1000–2000 mm/yr;15–35;High;Loam, sandy loam;10;25;60;;;;;;
Pomegranate (Punica granatum);~5000 BP;Iran / northern India;Shallow–medium;Low–medium;400–1000 mm/yr;10–30;High;Loam, sandy loam;5;10;25;;;;;;
Sunflower (Helianthus annuus);~4000–3000 BP;North America (Central US/Mexico);Medium;Medium;400–800 mm/yr;10–30;High;Loam, sandy loam;0.5;1.5;3.0 (seed);;;;;;
Sesame (Sesamum indicum);~3000–2000 BP;Indian subcontinent / Africa;Shallow;Low–medium;500–1200 mm/yr;20–35;High;Light, well-drained soils;0.2;0.6;1.5;;;;;;
Flax / Linseed (Linum usitatissimum);~9000 BP;Fertile Crescent;Shallow;Medium;400–900 mm/yr;5–25;Medium;Loam, clay loam;0.4;1.2;2.5;;;;;;
Cotton (Gossypium spp.);~6000–5000 BP;Indus Valley / Americas (multiple centers);Medium;Medium;500–1500 mm/yr;20–35;High;Sandy loam;0.5;1.5;3.5 (lint t/ha);;;;;;
Hemp (Cannabis sativa — cultivated for fiber/seed);Ancient (Neolithic);Central Asia;Shallow–medium;Medium;400–1000 mm/yr;10–30;Medium;Loam, sandy loam;0.5;1;3.0 (seed/fiber yields vary);;;;;;
Sugar beet (Beta vulgaris);Domesticated 18th–19th c.;Mediterranean/Europe;Deep;High;500–1000 mm/yr;5–25;Medium;Loam, deep fertile soil;30;50;80 (sugar beet root t/ha);;;;;;
Rapeseed / Canola (Brassica napus);Recent domestication (~400–600 years);Europe/Asia (hybrid origins);Medium;Medium–rich;400–800 mm/yr;5–25;Medium;Loam, clay loam;1;2.5;4.5 (seed);;;;;;
Oil palm (Elaeis guineensis);~3000 BP (cultivated);West/Central Africa;Shallow–deep;High;1500–3000 mm/yr;24–32;High;Deep, well-drained loam;10;20;40 (fresh fruit bunch t/ha);;;;;;
Rapeseed (Brassica rapa/napus);Domesticated historically;Europe/Asia;Medium;Medium;400–800 mm/yr;5–25;Medium;Loam;1;2;4;;;;;;
Pistachio (Pistacia vera);~3000 BP;Central Asia / Iran;Deep;Low–medium;200–500 mm/yr (irrigated);-5–42;High;Well-drained loam, stony soils;0.3;1.2;3;;;;;;
Almond (Prunus dulcis);~4000–3000 BP;Central Asia / Middle East;Medium–deep;Medium;300–600 mm/yr;5–35;High;Deep well-drained loam;0.5;1.5;3.5;;;;;;
Walnut (Juglans regia);~6000 BP;Central Asia;Deep;Medium–rich;500–1000 mm/yr;0–30;Medium;Deep loam;1;3;8;;;;;;
Chestnut (Castanea spp.);Ancient;Eurasia / North America;Deep;Medium;600–1200 mm/yr;5–25;Medium;Loam, well-drained;1;4;10;;;;;;
Hazelnut / Filbert (Corylus avellana);Ancient;Europe/Western Asia;Shallow–medium;Medium;600–1200 mm/yr;0–25;Medium;Loam, well-drained;0.5;2;5;;;;;;
Chestnut (Castanea sativa);Ancient;Mediterranean;Deep;Medium;600–1200 mm/yr;5–25;Medium;Loam;1;4;10;;;;;;
Coconut (Cocos nucifera);Ancient;Indo-Pacific (multiple centres);Shallow–medium;High;1500–3000 mm/yr;20–30;High;Sandy, coastal loam;5;15;75;;;;;;
Cashew (Anacardium occidentale);~3000 BP (cultivated);Brazil (domesticated later in India);Shallow–medium;Low–medium;800–2000 mm/yr;20–30;High;Sandy loam;0.2;0.8;3;;;;;;
Coffee robusta (Coffea canephora);Domesticated later;Central/West Africa;Shallow–medium;Medium–rich;1200–2500 mm/yr;18–28;Medium;Loam;0.4;1.2;2.5;;;;;;
Taro / Colocasia (Colocasia esculenta);Ancient;Southeast Asia / New Guinea;Shallow–medium;Medium;1500–3000 mm/yr;20–30;High;Clay loam, wet soils;10;20;60;;;;;;
Arrowroot (Maranta arundinacea);Ancient;Tropical Americas;Shallow;Medium;1500–2500 mm/yr;20–30;High;Sandy loam;5;10;25;;;;;;
Kudzu (Pueraria lobata — cultivated historically for forage/fiber in Asia);Ancient;East Asia;Deep;Medium;800–2000 mm/yr;10–30;High;Loam;5;15;30;;;;;;
Salsify & Scorzonera (root vegetables; cultivated historically);Historical;Eurasia;Medium;Medium;400–1000 mm/yr;5–25;Medium;Loam;2;8;15;;;;;
Onion (Allium cepa);~5000–4000 BP;Central Asia / Middle East;Shallow;Medium;300–900 mm/yr;5–30;High;Loam, sandy loam;5;20;60;;;;;;
Garlic (Allium sativum);Ancient;Central Asia / Mediterranean;Shallow;Medium;300–900 mm/yr;5–30;High;Loam;5;10;30;;;;;;
Leek (Allium ampeloprasum);Ancient;Mediterranean;Shallow;Medium;400–1000 mm/yr;5–25;Medium;Loam;3;10;25;;;;;;
Carrot (Daucus carota);Domesticated ~1000–500 BP (roots improved earlier);Central Asia / Europe;Deep;Medium;400–900 mm/yr;5–25;Medium;Sandy loam, deep friable;10;25;60;;;;;;
Beet (Beta vulgaris);Domesticated historically;Mediterranean/Near East;Medium;Medium;400–900 mm/yr;5–25;Medium;Loam;20;45;80;;;;;;
Turnip (Brassica rapa);Ancient;Europe/Asia;Shallow;Medium;400–1000 mm/yr;5–25;Medium;Loam;5;15;30;;;;;;
Cabbage / Kale / Brassicas (Brassica oleracea / B. rapa variants);Ancient;Europe / Mediterranean;Shallow–medium;Medium;500–1200 mm/yr;5–25;Medium;Loam;10;30;80;;;;;;
Spinach (Spinacia oleracea);Ancient;Persia (Iran);Shallow;Medium;500–1000 mm/yr;5–25;Medium;Loam;5;15;30;;;;;;
Lettuce (Lactuca sativa);Ancient;Mediterranean;Shallow;Medium;400–1000 mm/yr;5–25;Medium;Loam;10;20;60 (leaf t/ha);;;;;;
Tomato (Solanum lycopersicum);Domesticated ~2000–1500 BP;Western South America / Mesoamerica;Shallow;Medium;600–1200 mm/yr;10–30;High;Loam, well-drained;10;30;90 (fruit t/ha greenhouse higher);;;;;;
Pepper (Capsicum spp.);Domesticated ~6000 BP;Central/South America;Shallow;Medium;600–1500 mm/yr;15–30;High;Loam;5;15;40;;;;;;
Eggplant / Aubergine (Solanum melongena);~4000 BP;South/Southeast Asia;Shallow–medium;Medium;600–1200 mm/yr;15–30;High;Loam;5;15;45;;;;;;
Okra (Abelmoschus esculentus);Ancient;Africa;Shallow;Medium;600–1500 mm/yr;20–35;High;Loam;3;8;20;;;;;;
Pumpkin / Squash / Cucurbits (Cucurbita spp.);~10000 BP (squash);Mesoamerica;Shallow;Medium;400–1200 mm/yr;10–30;High;Loam;5;20;70;;;;;;
Cucumber (Cucumis sativus);Ancient;South Asia;Shallow;Medium;600–1200 mm/yr;15–30;High;Loam;10;30;100 (greenhouse);;;;;;
Melons (Cucumis melo);Ancient;Africa / Asia;Shallow;Medium;400–1200 mm/yr;15–35;High;Loam;5;20;50;;;;;;
Sunflower (Helianthus annuus) (oilseed/edible seed);Ancient;North America;Medium;Medium;400–800 mm/yr;10–30;High;Loam;0.5;1.5;3;;;;;;
Mustard (Brassica juncea/Brassica nigra);Ancient;Indian subcontinent;Shallow;Medium;400–900 mm/yr;5–30;Medium;Loam;0.3;1;2.5;;;;;;
Black pepper (Piper nigrum);Domesticated ~2000+ BP;Western Ghats, India;Shallow;High;1500–3000 mm/yr;20–30;Medium;Loam, high organic;0.5;2;6;;;;;;
Cardamom (Elettaria cardamomum);Ancient;Western Ghats (India);Shallow;High;1500–3000 mm/yr;15–30;Medium;Loam, shady forest soils;0.2;0.6;1.5;;;;;;
Cinnamon (Cinnamomum verum);Ancient;Sri Lanka / South India;Shallow;High;1500–3000 mm/yr;18–30;Medium;Loam, well-drained;0.2;0.8;2;;;;;;
Clove (Syzygium aromaticum);Domesticated;Maluku Islands;Shallow;High;1500–3000 mm/yr;20–30;High;Loam;0.3;1;3;;;;;;
Vanilla (Vanilla planifolia);Domesticated;Mexico (Totonac region);Shallow;High;1500–3000 mm/yr;20–30;High;Humus-rich, well-drained;0.1;0.3;1.0 (vanilla bean t/ha);;;;;;
Ginger (Zingiber officinale);Ancient;Southeast Asia;Shallow;High;1200–2500 mm/yr;20–30;High;Loam, rich organic;5;15;40;;;;;;
Turmeric (Curcuma longa);Ancient;Southeast Asia/India;Shallow;High;1200–2500 mm/yr;20–30;High;Loam, high organic;5;10;25;;;;;;
Wasabi (Eutrema japonicum);Cultivated historically;Japan;Shallow;High;1500–3000 mm/yr;8–20;Low–Medium;Moist, rich soils;0.2;0.6;1.5;;;;;;
Saffron (Crocus sativus);Domesticated ~3000 BP;Mediterranean / Southwest Asia;Shallow;Low–medium;300–800 mm/yr;5–25;High;Well-drained, sandy loam;0.005;0.02;0.05 (harvested spice t/ha);;;;;;
Nutmeg / Mace (Myristica fragrans);Domesticated;Moluccas;Shallow–medium;High;1500–3000 mm/yr;20–30;High;Loam, rich;0.2;0.6;1.5;;;;;;
Clary sage / culinary herbs (Salvia, Ocimum basilicum - basil, etc.);Various domestication dates;Mediterranean / Asia;Shallow;Low–medium;400–1200 mm/yr;5–30;High;Loam, well-drained;1;3;8 (leaf/herb t/ha varies);;;;;;
Basil (Ocimum basilicum);Domesticated;India/Asia;Shallow;Medium;500–1200 mm/yr;15–30;High;Loam;2;6;20;;;;;;
Mint (Mentha spp.);Domesticated historically;Europe/Asia;Shallow;Medium;600–1200 mm/yr;5–30;Medium;Loam;2;6;15;;;;;;
Aloe vera (Aloe vera);Cultivated historically;Arabian Peninsula / North Africa;Shallow;Low;200–800 mm/yr;15–40;High;Sandy, well-drained;2;8;20 (leaf gel t/ha);;;;;;
Amla / Indian gooseberry (Phyllanthus emblica);Domesticated historically;Indian subcontinent;Deep;Medium;600–1200 mm/yr;10–35;High;Loam;2;8;20;;;;;;
Moringa (Moringa oleifera);Domesticated historically;Indian subcontinent;Shallow–deep;Low–medium;250–1500 mm/yr;20–35;High;Sandy loam to loam;2;6;20;;;;;;
Neem (Azadirachta indica) (cultivated for medicinal/industrial);Domesticated;Indian subcontinent;Deep;Low–medium;400–1000 mm/yr;15–35;High;Sandy loam;1;4;12;;;;;;
Willow / Salix spp. (domesticated/cultivars for basketry/biomass);Historical;Northern Hemisphere;Deep;Medium;600–1500 mm/yr;0–30;Medium;Loam, moist soils;10;30;80;;;;;;
Industrial hemp (Cannabis sativa — fiber/seed);Ancient;Central Asia;Shallow–medium;Medium;400–900 mm/yr;10–30;High;Loam;1;3;6;;;;;;
Jute (Corchorus olitorius/Corchorus capsularis);Domesticated;South Asia;Shallow;Medium;1200–2000 mm/yr;20–30;High;Clay loam, alluvial soils;5;10;20 (fiber t/ha);;;;;;
Kenaf (Hibiscus cannabinus);Cultivated;Africa/Asia;Shallow–medium;Medium;800–1500 mm/yr;18–30;High;Loam;4;10;25;;;;;;
Rubber (Hevea brasiliensis);Domesticated;Amazonia (domesticated in SE Asia plantations historically);Deep;High;1500–3000 mm/yr;20–34;High;Deep loam;1;3;6 (latex t/ha/year varies);;;;;;
Silk (Mulberry - Morus spp. cultivated for sericulture);Cultivated;China;Shallow–medium;Medium;600–1200 mm/yr;5–30;Medium;Loam;10;30;80 (leaf t/ha);;;;;;
Agarwood (Aquilaria spp. cultivated);Domesticated practices recent;Southeast Asia;Shallow–medium;Medium;1500–3000 mm/yr;20–30;High;Loam;0.1;0.5;2.0 (wood t/ha);;;;;;
Mushroom — Button / White (Agaricus bisporus) (cultivated fungus);Cultivated modern;Europe;N/A (substrate-based);High (nutrient substrate);Controlled (12–24);Low–High (artificial light);Compost substrate;10;20;40 (fresh t/ha-equivalent in controlled houses);;;;;;;
Mushroom — Oyster (Pleurotus ostreatus) (cultivated fungus);Cultivated;Worldwide in modern times;N/A;High (substrate);Controlled (15–25);Low–Medium;Straw/wood substrate;8;15;50;;;;;;;
Mushroom — Shiitake (Lentinula edodes);Cultivated;East Asia;N/A;High (wood logs/substrate);Controlled (10–25);Low–Medium;Decayed hardwood logs;3;7;25;;;;;;;
Truffle (Tuber spp.) (cultivated/managed via orchards);Wildly harvested historically;Mediterranean/Europe;Mycorrhizal (soil humus depth important);Medium–rich;600–1200 mm/yr;5–25;Medium;Calcareous, well-drained;0.01;0.05;0.2 (truffle t/ha very low);;;;;;
Hop (Humulus lupulus);Domesticated;Europe;Shallow–medium;Medium;600–1200 mm/yr;5–25;High;Loam, deep fertile soils;0.5;2;6.0 (dried cones t/ha);;;;;;
Sisal (Agave sisalana) (fiber);Domesticated;Yucatán / Mexico & Central America;Shallow–medium;Low;200–800 mm/yr;18–35;High;Sandy, well-drained;2;6;15 (fiber);;;;;;
Agave (for mezcal/tequila, Agave tequilana);Domesticated;Mexico;Shallow–deep;Low–medium;400–1200 mm/yr;15–35;High;Rocky, well-drained soils;5;15;50 (piña mass t/ha);;;;;;
Maple (sugar maple — Acer saccharum) (sugar production from sap);Cultivated historically;North America;Shallow–deep;Medium;800–1200 mm/yr;0–25;Medium;Loam;0.5;2;5.0 (sugar equiv.);;;;;;
Buckthorn / Rhamnus spp. (traditional dyes/medicinal);Historical;Eurasia;Shallow;Low–medium;400–1000 mm/yr;5–30;Medium;Loam;0.5;2;5;;;;;;
Fonio (Digitaria exilis);Domesticated;West Africa;Shallow;Low–medium;200–800 mm/yr;20–35;High;Light sandy loam;0.2;0.9;2;;;;;;
African rice (Oryza glaberrima);Domesticated;West Africa;Shallow–medium;Medium;800–2000 mm/yr;20–30;High;Clay loam;0.5;1.5;4;;;;;;
Kola nut (Cola spp.);Domesticated;West Africa;Deep;Medium;1200–2000 mm/yr;20–30;High;Loam, high organic;0.2;0.8;2;;;;;;
Breadfruit (Artocarpus altilis);Domesticated;Pacific Islands;Shallow–medium;High;1500–3000 mm/yr;18–30;High;Loam, volcanic soils;5;20;60;;;;;;
Jackfruit (Artocarpus heterophyllus);Domesticated;South/Southeast Asia;Shallow–medium;High;1500–3000 mm/yr;18–30;High;Loam;5;20;60;;;;;;
Bread wheat durum (Triticum durum);~10000 BP;Fertile Crescent;Medium;Medium–rich;300–900 mm/yr;5–25;Medium;Loam;0.5;2.5;6;;;;;;
Emmer / Einkorn (ancient wheats) (Triticum dicoccum / monococcum);~12000 BP;Fertile Crescent;Shallow–medium;Low–medium;200–700 mm/yr;0–25;Medium;Loam;0.3;1;3;;;;;;
Spelt (Triticum spelta);~7000 BP;Near East / Europe;Medium;Medium;300–900 mm/yr;0–25;Medium;Loam;0.4;1.2;3.5;;;;;;
Blueberry (Vaccinium spp. — cultivated varieties);Domesticated/selected;North America;Shallow, acidic;Medium–rich (acidic);800–1400 mm/yr;5–25;Medium;Acidic loam, peat;2;6;15;;;;;;
Strawberry (Fragaria × ananassa);Domesticated hybrid (~18th c.);Europe/Chile crossbreeding;Shallow;High;600–1200 mm/yr;5–25;High;Loam, well-drained;5;20;60 (greenhouse higher);;;;;;
Blackberry / Raspberry (Rubus spp.);Domesticated selections;Eurasia/North America;Shallow–medium;Medium;600–1200 mm/yr;5–25;Medium;Loam;3;10;30;;;;;;
Elderberry (Sambucus nigra);Selective cultivation;Europe/North America;Shallow–medium;Medium;600–1200 mm/yr;0–25;Medium;Loam;1;4;10;;;;;;
Mulberry (Morus spp.);Cultivated historically;Asia;Shallow–medium;Medium;600–1200 mm/yr;5–30;Medium;Loam;2;8;20;;;;;;
Pecan (Carya illinoinensis);Domesticated/cultivated;North America;Deep;Medium–rich;600–1200 mm/yr;0–35;Medium;Deep loam;1;4;10;;;;;;
Macadamia (Macadamia integrifolia);Domesticated;Australia;Shallow–medium;Medium;800–2000 mm/yr;15–25;High;Deep, well-drained loam;0.5;2;6;;;;;;
Pine nut (Pinus spp. edible seeds);Harvested/cultivated;Northern Hemisphere;Deep;Low–medium;400–1200 mm/yr;-10–30;Medium;Sandy loam, rocky;0.05;0.2;0.8;;;;;;
Herb — Sage (Salvia officinalis);Domesticated historically;Mediterranean;Shallow;Low–medium;400–900 mm/yr;5–30;High;Loam, well-drained;1;3;8;;;;;;
Herb — Rosemary (Salvia rosmarinus);Domesticated;Mediterranean;Shallow;Low–medium;300–800 mm/yr;5–35;High;Sandy loam;1;3;8;;;;;;
Sacha inchi / Plukenetia volubilis (oilseed, Amazonian);Domesticated;Amazon;Shallow–medium;Medium;1500–3000 mm/yr;20–30;High;Loam;0.2;0.8;2;;;;;;
Guarana (Paullinia cupana);Domesticated;Amazon (Brazil);Shallow;Medium;1500–2500 mm/yr;20–30;High;Loam;0.1;0.4;1;;;;;;
Yacon (Smallanthus sonchifolius);Domesticated;Andes;Shallow;Medium;800–1500 mm/yr;8–25;High;Loam;5;15;40;;;;;;
Mestizo / Niche roots (oca, ulluco, mashua - Oxalis tuberosa, Ullucus tuberosus, Tropaeolum tuberosum);Domesticated;Andes;Shallow–medium;Medium;600–1500 mm/yr;2–20;Medium;Loam, well-drained;2;8;30;;;;;;
Climbing beans (Phaseolus coccineus - runner bean);Domesticated;Mesoamerica;Shallow–medium;Medium;600–1500 mm/yr;10–25;High;Loam;1;4;10;;;;;;
Luffa (Luffa aegyptiaca) (gourds for fiber/food);Domesticated;Asia/Africa;Shallow;Medium;600–1400 mm/yr;15–35;High;Loam;2;6;18;;;;;;
Madhuca / Mahua (Madhuca longifolia — edible flowers/oil);Cultivated;Indian subcontinent;Deep;Medium;600–1200 mm/yr;15–35;High;Loam;0.5;2;6;;;;;;
Soursop / Graviola (Annona muricata);Cultivated;Tropical Americas;Shallow–medium;Medium;1200–2500 mm/yr;20–30;High;Loam;2;8;25;;;;;;
Breadnut / Brosimum alicastrum;Cultivated historically;Mesoamerica;Deep;Medium;1200–2500 mm/yr;18–30;High;Loam;3;10;30;;;;;;
Moringa (oleifera) (leaf/seed multipurpose);Domesticated;Indian subcontinent;Shallow–deep;Low–medium;250–1500 mm/yr;18–35;High;Sandy loam to loam;2;6;18;;;;;;
Azolla (Azolla spp. — cultivated as green manure/animal feed);Cultivated;Asia (rice systems);N/A (aquatic);High (aquatic nutrients);Controlled/ambient;Low–Medium;Aquatic muddy substrates;5;15;40 (biomass t/ha);;;;;;;
Water chestnut (Eleocharis dulcis);Cultivated;China;Aquatic (shallow);Medium;1000–3000 mm/yr;15–30;High;Clayey submerged soils;10;30;80;;;;;;
Watermelon (Citrullus lanatus);Domesticated;Africa (North/Near Sahara);Shallow;Medium;400–1000 mm/yr;20–35;High;Sandy loam;10;30;80;;;;;;
Eggfruit / Canistel (Pouteria campechiana);Cultivated;Mesoamerica;Shallow–medium;Medium;1000–2500 mm/yr;18–30;High;Loam;1;5;15;;;;;;
Mango (selected above) — includes many cultivars and rootstocks;Ancient;South Asia;Shallow–medium;Medium–rich;750–2500 mm/yr;20–35;High;Deep loam;5;10;30;;;;;;
Black pepper (listed) — includes long pepper (Piper longum) domesticated in South Asia;Ancient;South Asia;Shallow;High;1500–3000 mm/yr;20–30;Medium;Loam;0.2;0.8;2;;;;;;
Honey locust / carob (Ceratonia siliqua) (pod crop for sugar/forage);Domesticated historically;Mediterranean;Deep;Low–medium;300–700 mm/yr;5–35;High;Stony, calcareous soils;1;3;8;;;;;;
Carob (Ceratonia siliqua) (listed) ;Ancient;Mediterranean;Deep;Low–medium;300–700 mm/yr;5–35;High;Stony calcareous;1;3;8;;;;;;
Soursop and Atemoya (Annonaceae hybrids; cultivated tropical fruits);Cultivated;Tropical Americas;Shallow–medium;Medium;1200–2500 mm/yr;18–30;High;Loam;2;8;25;;;;;
Breadfruit (Artocarpus altilis) (listed) — includes seeded and seedless cultivars;Ancient;Pacific;Shallow–medium;High;1500–3000 mm/yr;18–30;High;Loam;5;20;60;;;;;;
Kava (Piper methysticum) (traditional Pacific medicinal/drink crop);Domesticated;Pacific Islands;Shallow;Medium;1500–3000 mm/yr;18–30;High;Loam, high organic;1;4;12;;;;;;
Betel vine (Piper betle);Cultivated;South/Southeast Asia;Shallow;Medium;1200–2500 mm/yr;18–30;High;Loam, well-drained;1;4;12;;;;;;
Tobacco (Nicotiana tabacum);Domesticated;South America (domesticated in Americas, spread widely);Shallow;Medium;600–1200 mm/yr;15–30;High;Loam;1;2.5;6.0 (leaf t/ha);;;;;;
Arrowroot (listed) — includes Maranta, tapioca/cassava separately;Ancient;Tropics;Shallow;Medium;1500–3000 mm/yr;20–30;High;Sandy loam;5;10;25;;;;;;
Amphicarpaea / Groundnut (Amphicarpaea bracteata — lesser-known edible tuber/seed domestication attempts);Historical/modern selections;East Asia / North America;Shallow;Low–medium;500–1200 mm/yr;5–25;Medium;Loam, shaded woodland soils;0.1;0.5;1.5;;;;;;
Zizania / Wild rice (cultivated varieties of Zizania palustris & Z. latifolia);Traditional cultivation;North America & East Asia;Shallow (aquatic);Medium–rich;1000–3000 mm/yr;10–25;Medium;Muddy, organic aquatic soils;0.2;1;4;;;;;;
Camelina (Camelina sativa — industrial oilseed);Cultivated historically;Europe/Asia;Shallow–medium;Low–medium;300–800 mm/yr;0–25;Medium;Light loam;0.2;0.6;1.5;;;;;;
Einkorn wheat (Triticum monococcum) (ancient grain distinct from emmer);~12000 BP;Fertile Crescent;Shallow–medium;Low–medium;200–700 mm/yr;0–25;Medium;Loam;0.2;0.8;2;;;;;;
Fonio (already listed earlier but adding specific white fonio Digitaria exilis cultivar entry);Domesticated;West Africa;Shallow;Low–medium;200–800 mm/yr;20–35;High;Light sandy loam;0.1;0.6;1.5;;;;;;
Milium / Proso millet (Panicum miliaceum);Domesticated;East Asia / Eurasia;Shallow;Low–medium;250–600 mm/yr;15–30;High;Sandy loam;0.2;0.9;2;;;;;;
Little millet (Panicum sumatrense);Domesticated;Indian subcontinent;Shallow;Low–medium;300–800 mm/yr;15–30;High;Sandy loam;0.2;0.7;1.8;;;;;;
Kodo millet (Paspalum scrobiculatum);Domesticated;Indian subcontinent;Shallow;Low–medium;300–900 mm/yr;15–35;High;Light soils;0.1;0.6;1.5;;;;;;
Buckwheat tartary (Fagopyrum tataricum — Tartary buckwheat);Domesticated;Himalayan/Central Asia;Shallow;Low–medium;400–1200 mm/yr;0–25;Medium;Light soils, mountain terraces;0.2;0.8;2;;;;;;
Sainfoin (Onobrychis viciifolia — forage/soil-improving legume);Cultivated historically;Mediterranean/Central Asia;Medium;Low–medium;300–800 mm/yr;0–30;Medium;Loam, calcareous;1;3;8 (forage t/ha);;;;;;
Lupin (Lupinus spp. — grain lupin, green manure);Domesticated;Mediterranean/Andean centers;Shallow–medium;Low–medium;300–900 mm/yr;5–30;High;Sandy loam;0.3;1.2;3;;;;;;
Bambara groundnut (Vigna subterranea);Domesticated;West Africa;Shallow;Low–medium;300–800 mm/yr;20–35;High;Sandy loam;0.2;0.9;2;;;;;;
Horse gram (Macrotyloma uniflorum);Domesticated;Indian subcontinent;Shallow;Low–medium;300–800 mm/yr;15–35;High;Sandy loam;0.2;0.7;1.5;;;;;;
Mung bean (Vigna radiata);Domesticated;Indian subcontinent;Shallow;Low–medium;400–1000 mm/yr;15–35;High;Loam;0.2;0.8;2;;;;;;
Adzuki bean (Vigna angularis);Domesticated;East Asia;Shallow;Medium;600–1200 mm/yr;10–30;High;Loam;0.3;1;2.5;;;;;;
Tepary bean (Phaseolus acutifolius);Domesticated;Southwestern North America;Shallow;Low–medium;150–600 mm/yr;15–40;High;Sandy loam;0.1;0.5;1.2;;;;;;
Yam bean / Jicama (Pachyrhizus erosus);Domesticated;Mexico / Central America;Shallow;Medium;800–1500 mm/yr;18–30;High;Loam;5;12;30;;;;;;
Lablab / Hyacinth bean (Lablab purpureus);Domesticated;Africa/Indian subcontinent;Shallow–medium;Medium;600–1400 mm/yr;15–30;High;Loam;1;4;10;;;;;;
Ceylon spinach / Malabar spinach (Basella alba) (leafy vegetable cultivated in tropics);Cultivated historically;South/Southeast Asia;Shallow;Medium;1000–2500 mm/yr;18–35;High;Loam;5;15;35;;;;;;
Pak choi / Bok choy (Brassica rapa subsp. chinensis);Domesticated;China;Shallow;Medium;400–1200 mm/yr;5–25;High;Loam;15;40;100 (leaf t/ha);;;;;;
Chinese cabbage / Napa (Brassica rapa subsp. pekinensis);Domesticated;China;Shallow;Medium;400–1200 mm/yr;5–25;High;Loam;10;30;90;;;;;;
Yardlong bean (Vigna unguiculata subsp. sesquipedalis);Domesticated;Southeast/East Asia;Shallow;Medium;600–1200 mm/yr;15–30;High;Loam;3;8;20;;;;;;
Sea buckthorn (Hippophae rhamnoides) (berries for oil/food);Cultivated;Eurasia (Central/Inner Asia);Shallow;Low–medium;300–800 mm/yr; -5–30;High;Sandy, well-drained;0.5;2;6;;;;;;
Siberian ginseng / Eleuthero (Eleutherococcus senticosus — medicinal);Cultivated;East Asia;Shallow–medium;Low–medium;600–1200 mm/yr; -10–25;Low–Medium;Loam;0.2;0.8;2;;;;;;
Schisandra (Schisandra chinensis — medicinal berry);Cultivated;Northeast Asia;Shallow;Medium;800–1500 mm/yr;0–25;Low–Medium;Loam, forest soils;0.2;0.8;2;;;;;;
Goldenseal (Hydrastis canadensis — medicinal);Cultivated/managed;Eastern North America;Shallow;High organic;800–1400 mm/yr;5–25;Low–Medium;Rich woodland humus;0.05;0.2;0.6;;;;;;
Kohlrabi (Brassica oleracea var. gongylodes);Domesticated;Europe;Shallow;Medium;400–1000 mm/yr;5–25;Medium;Loam;10;30;80;;;;;;
Sunchoke / Jerusalem artichoke (Helianthus tuberosus — tuber crop);Cultivated;North America;Shallow–medium;Low–medium;400–1200 mm/yr; -5–30;High;Loam;10;30;80;;;;;;
Ceylon cinnamon (Cinnamomum zeylanicum) (listed cinnamon);Cultivated;Sri Lanka;Shallow;High;1500–3000 mm/yr;18–30;Medium;Loam;0.2;0.8;2;;;;;;
Longan (Dimocarpus longan);Cultivated;Southeast Asia/China;Deep;Medium–rich;1200–2500 mm/yr;15–30;High;Loam;5;12;30;;;;;;
Lychee (Litchi chinensis);Domesticated;Southern China;Deep;High;1200–2500 mm/yr;15–30;High;Loam;5;12;30;;;;;;
Rambutan (Nephelium lappaceum);Domesticated;Southeast Asia;Deep;High;1500–3000 mm/yr;20–32;High;Loam;5;15;40;;;;;;
Sapodilla / Manilkara zapota;Cultivated;Mesoamerica;Shallow–medium;Medium;1000–2500 mm/yr;20–30;High;Loam;2;8;25;;;;;;
Feijoa / Pineapple guava (Acca sellowiana);Domesticated selections;South America;Shallow–medium;Medium;800–1500 mm/yr;5–25;Medium;Loam;2;6;15;;;;;;
Camu camu (Myrciaria dubia — high-vitamin-C berry);Cultivated;Amazon basin;Shallow–medium;High;2000–4000 mm/yr;20–30;High;Peaty, waterlogged soils;1;4;12;;;;;;
Bitter gourd / Bitter melon (Momordica charantia);Domesticated;Asia;Shallow;Medium;800–1500 mm/yr;20–30;High;Loam;5;12;30;;;;;;
Pawpaw / Papaya (Carica papaya);Domesticated;Tropical Americas;Shallow–medium;Medium–rich;1000–3000 mm/yr;20–30;High;Loam;10;25;80;;;;;;
Durian (Durio zibethinus);Domesticated;Southeast Asia;Deep;High;2000–4000 mm/yr;22–32;High;Deep loam;2;8;30;;;;;;
Mangosteen (Garcinia mangostana);Cultivated;Southeast Asia;Shallow–medium;High;1500–3000 mm/yr;20–32;High;Rich loam;1;4;12;;;;;;
Persimmon (Diospyros kaki);Domesticated;China;Shallow–medium;Medium;600–1500 mm/yr;0–30;Medium;Loam;5;12;30;;;;;;
Loquat (Eriobotrya japonica);Cultivated;China;Shallow–medium;Medium;600–1500 mm/yr;5–25;Medium;Loam;3;10;25;;;;;;
Medlar (Mespilus germanica);Cultivated historically;Western Asia/Europe;Shallow–medium;Low–medium;400–900 mm/yr;0–25;Medium;Loam;1;3;8;;;;;;
Mulberry (listed earlier but adding white mulberry Morus alba specific cultivar for sericulture);Ancient;China;Shallow–medium;Medium;600–1200 mm/yr;5–30;Medium;Loam;5;20;60 (leaf);;;;;;
Sugar apple / Annona squamosa (listed family — sweets);Cultivated;Tropical Americas;Shallow–medium;Medium;1000–2500 mm/yr;18–30;High;Loam;2;8;25;;;;;;
Custard apple (Annona reticulata);Cultivated;Tropics;Shallow–medium;Medium;1000–2500 mm/yr;18–30;High;Loam;2;8;25;;;;;;
Achiote / Annatto (Bixa orellana — spice/coloring);Cultivated;Tropical Americas;Shallow;Low–medium;1000–2000 mm/yr;20–30;High;Loam;0.2;0.8;2;;;;;;
Amaranth leafy types (vegetable amaranth — many species domesticated separately);Cultivated;Americas/Asia/Africa;Shallow;Medium;400–1500 mm/yr;15–30;High;Loam;5;15;40;;;;;;
Mile-a-minute / Kangkong (Ipomoea aquatica — water spinach);Cultivated;Southeast Asia;Shallow;High;1500–3000 mm/yr;20–35;High;Wet loamy soils;10;30;90;;;;;;
Winged bean (Psophocarpus tetragonolobus);Domesticated;New Guinea;Shallow–medium;High;1500–3000 mm/yr;20–35;High;Loam;2;8;25;;;;;;
Coffea liberica (coffee species cultivated locally);Domesticated/selected;West Africa/Philippines;Shallow–medium;Medium;1200–2500 mm/yr;18–28;Medium;Loam;0.3;1;2.5;;;;;;
Jujube (Ziziphus jujuba);Domesticated;China;Shallow–medium;Low–medium;300–800 mm/yr;-10–35;High;Loam, sandy loam;2;6;18;;;;;;
Myrtle (Myrtus communis — cultivated historically for fruits/medicine);Cultivated;Mediterranean;Shallow;Low–medium;400–900 mm/yr;5–35;High;Loam;0.5;2;6;;;;;;
Tamarind (Tamarindus indica);Cultivated historically;Africa/India;Deep;Low–medium;500–1500 mm/yr;15–35;High;Loam;1;4;12;;;;;;
Limeberry / Eugenia spp. (tropical fruits cultivated locally);Cultivated;Tropics;Shallow–medium;Medium;1000–2500 mm/yr;18–32;High;Loam;1;4;12;;;;;;
Naranjilla / Lulo (Solanum quitoense);Cultivated;Andes;Shallow–medium;Medium;1200–2500 mm/yr;10–24;High;Loam;3;8;20;;;;;;
Cherimoya (Annona cherimola);Cultivated;Andes;Shallow–medium;Medium;800–2000 mm/yr;10–25;High;Loam;2;6;18;;;;;;
Breadfruit relatives (Artocarpus spp.) (others like marang, terap);Cultivated;Southeast Asia;Shallow–medium;High;1500–3000 mm/yr;18–30;High;Loam;3;12;40;;;;;;
White lupin (Lupinus albus) (grain/fodder);Domesticated;Mediterranean;Shallow;Low–medium;300–900 mm/yr;5–30;High;Sandy loam;0.4;1.5;3;;;;;;
Marama bean (Tylosema esculentum — tuber/bean, Africa);Cultivated/foraged;Southern Africa;Shallow;Low–medium;200–600 mm/yr;10–35;High;Sandy soils;0.1;0.4;1.2;;;;;;
Canna edulis (Canna indica — achira, edible rhizome);Domesticated;South America;Shallow;Medium;800–2000 mm/yr;15–30;High;Loam;5;15;40;;;;;;
Pawpaw (Asimina triloba — North American pawpaw fruit tree);Managed/cultivated;Eastern North America;Shallow–medium;Medium;800–1200 mm/yr;0–30;Medium;Loam;2;6;15;;;;;;
Muscadine grape (Vitis rotundifolia);Cultivated;Southeastern US;Shallow–medium;Medium;800–1400 mm/yr;10–30;High;Loam;3;10;25;;;;;;
Sorghum sudangrass / forage sorghums (cultivated hybrids);Modern domestication/improvement;Africa;Deep;Medium;400–1200 mm/yr;15–35;High;Loam;10;30;80 (dry matter);;;;;;
Perilla (Perilla frutescens — Asian leaf/oilseed herb);Cultivated;East Asia;Shallow;Medium;600–1400 mm/yr;10–30;Medium;Loam;1;3;8;;;;;;
Shallot (Allium cepa aggregatum types);Cultivated historically;Central/SE Asia;Shallow;Medium;400–1000 mm/yr;5–25;Medium;Loam;5;15;40;;;;;;
Sea kale (Crambe maritima — coastal vegetable);Cultivated historically;Europe coasts;Shallow;Low–medium;300–900 mm/yr;0–25;High;Sandy, coastal soils;1;3;8;;;;;;
Maka (Pandanus tectorius — pandan/banana relative, Pacific agroforestry);Cultivated;Pacific Islands;Shallow–medium;Medium;1200–3000 mm/yr;18–30;High;Loam, coastal;2;8;25;;;;;;
Yam species diversity (Dioscorea alata, D. rotundata, D. cayenensis) — additional species entries;Domesticated;Africa/Asia/Pacific;Medium–deep;Medium;1000–2500 mm/yr;18–30;High;Loam, friable soils;5;12;40;;;;;;
Elecampane (Inula helenium — medicinal root);Cultivated historically;Eurasia;Deep;Medium;600–1400 mm/yr;0–25;Medium;Loam;0.5;2;6;;;;;;
Teasel (Dipsacus fullonum — historically cultivated for wool carding, now niche);Cultivated historically;Europe;Shallow;Low–medium;400–1000 mm/yr;5–25;High;Sandy loam;0.2;0.8;2;;;;;;
Cordyline (Cordyline fruticosa — traditional Pacific root/leaf crop);Cultivated;Pacific Islands;Shallow–medium;Medium;1200–3000 mm/yr;18–30;High;Loam;2;8;20;;;;;;
Noni (Morinda citrifolia — medicinal/food);Cultivated;Pacific/SE Asia;Shallow–medium;Medium;1000–3000 mm/yr;18–30;High;Loam;1;4;12;;;;;;
Chaya (Cnidoscolus aconitifolius — leaf vegetable);Cultivated;Mesoamerica;Shallow–medium;Medium;800–2000 mm/yr;18–35;High;Loam;6;18;50;;;;;;
Mamey sapote (Pouteria sapota);Cultivated;Mesoamerica;Shallow–medium;Medium;1200–2500 mm/yr;18–30;High;Loam;3;10;30;;;;;;
Black sapote (Diospyros digyna);Cultivated;Mexico/Central America;Shallow–medium;Medium;1000–2500 mm/yr;18–30;High;Loam;3;10;25;;;;;;
Nectarine (Prunus persica var. nucipersica — peach variant);Domesticated;China;Shallow–medium;Medium;600–1200 mm/yr;0–30;High;Loam;10;25;50;;;;;;
Apricot (Prunus armeniaca);Domesticated;Central Asia;Shallow–medium;Low–medium;300–800 mm/yr; -5–35;High;Loam;6;15;35;;;;;;
Goji berry / Wolfberry (Lycium barbarum);Cultivated historically;China;Shallow–medium;Low–medium;300–800 mm/yr; -5–35;High;Sandy loam;0.5;2;6;;;;;;
Sea grapes (Coccoloba uvifera — coastal fruit/forage);Cultivated;Caribbean & Americas;Shallow;Low–medium;800–2000 mm/yr;18–32;High;Sandy coastal;1;4;12;;;;;;
Blackcurrant (Ribes nigrum);Cultivated;Europe;Shallow–medium;Medium;600–1400 mm/yr;0–25;Medium;Loam;3;8;20;;;;;;
Gooseberry (Ribes uva-crispa);Cultivated;Europe/Asia;Shallow–medium;Medium;600–1200 mm/yr;0–25;Medium;Loam;2;6;15;;;;;;
Barberry (Berberis spp. — fruit/medicinal);Cultivated historically;Eurasia;Shallow;Low–medium;400–900 mm/yr; -5–30;High;Loam;0.5;2;6;;;;;;
Szechuan pepper (Zanthoxylum simulans / piperitum — spice);Cultivated;China;Shallow–medium;Low–medium;600–1200 mm/yr; -5–30;Medium;Loam;0.2;0.8;2;;;;;;
Oca (Oxalis tuberosa);~3000 BP;Andes (Peru/Bolivia);Shallow–medium;Medium;600–1500 mm/yr;2–20;Medium;Loam, well-drained;2;8;25;;;;;;
Ulluco (Ullucus tuberosus);Ancient;Andes;Shallow–medium;Medium;600–1500 mm/yr;2–20;Medium;Loam;2;7;20;;;;;;
Mashua (Tropaeolum tuberosum);Ancient;Andes;Shallow;Low–medium;600–1500 mm/yr;2–20;Medium;Sandy loam;1;5;15;;;;;;
Catnip (Nepeta cataria — medicinal/companion herb);Cultivated historically;Europe/Asia;Shallow;Low–medium;400–1000 mm/yr;5–30;High;Loam;0.5;2;6;;;;;;
Lovage (Levisticum officinale);Cultivated historically;Mediterranean;Deep;Medium;600–1200 mm/yr;5–25;Medium;Loam;1;4;12;;;;;;
Valerian (Valeriana officinalis — medicinal root);Cultivated historically;Europe/Asia;Deep;Medium;600–1400 mm/yr;0–25;Low–Medium;Loam, humus;0.2;0.8;2.5;;;;;;
Echinacea (Echinacea purpurea — medicinal);Cultivated;North America;Shallow–medium;Low–medium;600–1200 mm/yr; -5–30;Medium;Loam;0.2;0.8;2;;;;;;
Calendula (Calendula officinalis — medicinal/culinary);Cultivated historically;Mediterranean;Shallow;Low–medium;300–900 mm/yr;5–30;High;Loam;0.5;1.8;4.5;;;;;;
Rue (Ruta graveolens — medicinal/traditional);Cultivated historically;Mediterranean;Shallow;Low–medium;300–900 mm/yr;5–30;High;Rocky, well-drained;0.2;0.7;2;;;;;;
Safflower (Carthamus tinctorius — oil/dye);Domesticated;Mediterranean/West Asia;Shallow;Low–medium;300–800 mm/yr;5–35;High;Sandy loam;0.2;0.6;1.8;;;;;;
Salep / Orchis spp. (orchid tubers historically used as salep);Cultivated/foraged historically;Mediterranean/Asia;Shallow;Low–medium;600–1200 mm/yr;5–25;Low–Medium;Forest floor humus;0.01;0.05;0.2;;;;;;
Persian clover (Trifolium resupinatum — forage/cover);Cultivated historically;Middle East;Shallow;Medium;400–1000 mm/yr;0–30;Medium;Loam;2;6;20;;;;;;
Vetch (Vicia sativa — forage/green manure);Domesticated historically;Mediterranean;Shallow;Low–medium;400–1000 mm/yr;0–30;Medium;Loam;2;8;25;;;;;;
Fenugreek (Trigonella foenum-graecum — spice/legume);Domesticated;Mediterranean/Asia;Shallow;Low–medium;300–900 mm/yr;5–30;High;Loam;0.2;0.8;2;;;;;;
Ajwain / Carom (Trachyspermum ammi — spice);Cultivated;Indian subcontinent;Shallow;Low–medium;400–900 mm/yr;15–35;High;Loam;0.1;0.4;1.2;;;;;;
Bitter kola (Garcinia kola) (West African medicinal/nut);Cultivated/managed;West Africa;Shallow–medium;Medium;1200–2000 mm/yr;20–30;High;Loam;0.2;0.8;2.5;;;;;;
Cattail (Typha spp. — aquatic edible starch/biomass);Managed/foraged;Wetlands worldwide;Aquatic;Medium;1000–3000 mm/yr;0–35;High;Peaty, shallow water;5;20;60 (rhizome biomass);;;;;;
Lotus root (Nelumbo nucifera — aquatic tuber);Domesticated;Asia (China/India);Aquatic shallow;Medium–rich;1000–2500 mm/yr;10–30;High;Clayey, organic submerged soils;5;20;50;;;;;;
Water yam (Dioscorea alata) (additional yam species);Domesticated;Southeast Asia/Pacific;Medium–deep;Medium;1500–3000 mm/yr;18–30;High;Loam;5;15;40;;;;;;
Air potato (Dioscorea bulbifera — cultivated in some regions);Domesticated selections;Africa/Asia;Shallow–medium;Low–medium;800–2000 mm/yr;18–30;High;Loam;2;6;18;;;;;;
Cranberry (Vaccinium macrocarpon);Cultivated;North America;Shallow, acidic;Medium–rich (acidic);800–1400 mm/yr;0–25;Medium;Peaty, acidic soils;5;15;40;;;;;;
Cloudberry (Rubus chamaemorus);Managed;Circumboreal;Shallow, peaty;Low–medium;600–1200 mm/yr;-5–20;Low–Medium;Peat bogs;0.2;0.8;2.5;;;;;;
Barbados nut / Sea almond (Terminalia catappa — edible seeds in tropics);Cultivated;Tropics;Shallow–medium;Medium;1000–3000 mm/yr;18–32;High;Loam, coastal;0.5;2;6;;;;;;
Jamaican ackee (Blighia sapida — fruit, requires processing);Cultivated;West Africa/Caribbean;Shallow–medium;Medium;1200–2000 mm/yr;20–30;High;Loam;1;4;12;;;;;;
Brazil nut (Bertholletia excelsa);Wild-harvested/cultivated attempts;Amazon;Deep;High;2000–4000 mm/yr;20–32;High;Deep loam;0.2;0.6;2;;;;;;
Tung oil tree (Vernicia fordii — industrial oilseed);Cultivated historically;China;Deep;Medium;1000–2000 mm/yr;10–30;High;Loam;0.5;2;6;;;;;;
Chinese toon / Toona sinensis (leafy vegetable/tree);Cultivated;China;Deep;Medium;800–1500 mm/yr;0–30;Medium;Loam;1;4;12;;;;;;
Pokeweed (Phytolacca americana — traditional medicinal/food after processing);Managed historically;North America;Shallow;Medium;600–1200 mm/yr;0–30;High;Loam;0.2;0.8;2;;;;;;
Nipa palm (Nypa fruticans — cultivated for sugar, thatch);Managed;Southeast Asia;Shallow–deep (mangrove);Medium;1500–3000 mm/yr;20–30;High;Organic, waterlogged;2;8;25 (sap/thatched material);;;;;;
Sugar palm (Arenga pinnata — sago/sugar production);Cultivated;Southeast Asia;Deep;Medium;1500–3000 mm/yr;18–30;High;Loam;2;8;25;;;;;;
Sago palm (Metroxylon sagu — starch from trunk);Cultivated;New Guinea/SE Asia;Deep;Low–medium;2000–4000 mm/yr;20–30;High;Peaty, swampy;5;20;60 (starch);;;;;;
Kernza / Intermediate wheatgrass (Thinopyrum intermedium — perennial grain under domestication);Modern domestication;North America;Deep;Medium;400–1000 mm/yr; -5–30;Medium;Loam;0.1;0.5;1.5 (experimental);;;;;;
Perennial rice (wild/domestication attempts Oryza spp.);Traditional/modern breeding;Asia/Africa;Shallow–medium;Medium;800–2000 mm/yr;15–30;High;Clay loam;0.2;0.8;2.5 (experimental);;;;;;
Seaweed — Kelp (Laminaria spp. — industrial/food);Cultivated historically;Cold temperate coasts;Aquatic;High nutrients (marine);High;0–20;High;Marine substrates;10;50;200 (wet t/ha);;;;;;
Seaweed — Nori / Porphyra (Porphyra/Pyropia spp.);Cultivated;East Asia;Aquatic;High nutrients;High;0–25;High;Marine structures;5;20;80;;;;;;
Spirulina (Arthrospira spp. — cultivated microalgae);Cultivated modern;Africa/Mesoamerica/Asia;Aquatic shallow;High nutrients;High (controlled);30–40;High;Alkaline shallow ponds;5;20;100 (dry biomass t/ha per year high variability);;;;;;
Duckweed (Lemna spp. — protein/biomass cultivation);Cultivated modern;Worldwide;Aquatic shallow;High nutrients;High;10–30;High;Eutrophic ponds;10;40;120 (fresh biomass);;;;;;
Maguey (Agave americana — fiber, pulque production);Domesticated historically;Mexico;Shallow–medium;Low–medium;400–1200 mm/yr;15–30;High;Sandy, rocky;4;12;30;;;;;;
Huitlacoche cultivation (Ustilago maydis on corn — culinary fungus);Managed;Mesoamerica;N/A (pathogen on maize);Dependent on host;Dependent on climate;15–30;Medium;Maize fields;0.1;0.5;2.0 (edible fungus);;;;;;
Kombucha SCOBY (Symbiotic culture of bacteria and yeast — fermented beverage);Cultivated modern;Worldwide;N/A (fermentation);High nutrient substrate;Controlled;20–30;Low light;Fermentation vessels;0.01;0.05;0.2 (product mass per batch);;;;;;
Tea alternatives — Rooibos (Aspalathus linearis);Cultivated;South Africa;Shallow;Low–medium;300–800 mm/yr;5–30;High;Sandy, acidic soils;0.2;0.8;2.5;;;;;;
Honeybush (Cyclopia spp. — beverage plant);Cultivated;South Africa;Shallow;Low–medium;400–1000 mm/yr;5–30;High;Sandy, acidic;0.1;0.4;1.2;;;;;;
Mastic (Pistacia lentiscus — resin);Cultivated historically;Mediterranean;Shallow–medium;Low–medium;300–700 mm/yr;5–35;High;Stony soils;0.05;0.2;1.0 (resin);;;;;;
Alder (Alnus spp. — nitrogen-fixing, coppice, charcoal);Managed/cultivated;Northern Hemisphere;Medium–deep;Medium;600–1400 mm/yr; -5–30;Medium;Loam, moist soils;5;20;60 (wood biomass);;;;;;
Black locust (Robinia pseudoacacia — agroforestry, fodder, timber);Cultivated;North America;Deep;Medium;600–1400 mm/yr; -5–35;High;Loam;5;25;80;;;;;;
Lorikeet / native honey plants (Eucalyptus spp. selected for nectar production);Cultivated;Australia;Deep;Low–medium;400–1400 mm/yr;5–40;High;Sandy loam;2;8;30 (honey potential per ha varies);;;;;;
Tamarillo / Tree tomato (Solanum betaceum);Cultivated;Andes;Shallow–medium;Medium;800–2000 mm/yr;8–24;High;Loam;6;18;50;;;;;;
Caper (Capparis spinosa);Cultivated historically;Mediterranean;Shallow;Low–medium;200–600 mm/yr;5–35;High;Rocky, calcareous;0.5;2;6;;;;;;
Prickly pear / Opuntia (Opuntia ficus-indica — fruit, fodder, cochineal);Domesticated;Mexico;Shallow;Low;200–800 mm/yr;10–40;High;Sandy, rocky;5;15;50;;;;;;
Nopal (edible cactus pads same species);Cultivated;Mexico;Shallow;Low;200–800 mm/yr;10–40;High;Sandy;5;20;60;;;;;;
Barley grass (forage/human green powders) (Hordeum vulgare sprouts cultivated);Cultivated;Worldwide;N/A (sprouts/shallow);High nutrient substrate;Controlled;10–30;Low–High;Growing media;1;3;10 (green biomass);;;;;;
Sugarcane relatives — miscanthus (Miscanthus × giganteus — biomass crop domesticated/selected);Modern breeding;Asia/Europe;Deep;Medium;600–1200 mm/yr;5–30;High;Loam;10;30;80 (dry biomass);;;;;;
Switchgrass (Panicum virgatum — bioenergy perennial);Selected/domestication efforts;North America;Deep;Low–medium;400–1200 mm/yr; -10–35;High;Loam;5;20;60 (dry biomass);;;;;;
Silphium (Silphium integrifolium — perennial oilseed under domestication);Modern domestication;North America;Deep;Medium;400–1200 mm/yr; -5–35;High;Loam;0.1;0.6;2.0 (experimental);;;;;;
Perennial sunflower relatives (Helianthus spp. being domesticated);Modern;North America;Deep;Medium;400–1000 mm/yr; -5–35;High;Loam;0.1;0.7;2.5 (experimental);;;;;;
Broomcorn / Sorghum bicolor var. technicum (grain/syrup/domesticates);Cultivated historically;Africa;Shallow–medium;Low–medium;300–900 mm/yr;15–35;High;Loam;0.5;1.8;4.5;;;;;;
Grain amaranth species (Amaranthus caudatus, A. cruentus, A. hypochondriacus) (listed general earlier but adding grain-specific yields);Domesticated;Americas;Shallow–medium;Low–medium;400–1200 mm/yr;15–30;High;Loam;0.2;0.9;3;;;;;;
Sunberry / Wonderberry (Solanum retroflexum — cultivated African eggplant relative);Cultivated selections;Africa;Shallow;Medium;600–1200 mm/yr;15–30;High;Loam;2;6;18;;;;;;
African cucumber (Cucumis metuliferus — kiwano relative cultivated in Africa);Cultivated;Africa;Shallow;Medium;600–1200 mm/yr;15–30;High;Loam;3;8;25;;;;;;
Bolivian coriander / culantro (Eryngium foetidum) (leafy herb);Cultivated;Americas/Caribbean;Shallow;Medium;800–2000 mm/yr;18–32;High;Loam;3;10;30;;;;;;
Millettia pinnata / Pongamia (Pongamia pinnata — oilseed tree);Cultivated;Asia;Deep;Low–medium;800–2000 mm/yr;15–35;High;Loam;1;4;10 (seed);;;;;;
Yuzu (Citrus junos — citrus cultivar);Cultivated;East Asia;Shallow–medium;Medium;800–1500 mm/yr;0–35;High;Loam;6;15;30;;;;;;
Kiwifruit (Actinidia deliciosa/actinidia chinensis);Domesticated;China;Deep;Medium–rich;800–1500 mm/yr;5–30;Medium;Loam;8;20;50;;;;;;
Cape gooseberry / Physalis peruviana;Domesticated;Andes;Shallow–medium;Medium;800–2000 mm/yr;10–30;High;Loam;2;6;18;;;;;;
Tomatillo (Physalis philadelphica);Domesticated;Mexico;Shallow;Medium;600–1500 mm/yr;10–30;High;Loam;5;15;40;;;;;;
Amomum / galangal relatives (Alpinia galanga — spice);Cultivated;Southeast Asia;Shallow;High;1200–2500 mm/yr;20–32;High;Loam;3;8;20;;;;;;
Black cardamom (Amomum subulatum);Cultivated;Himalayan region;Shallow;High;1500–3000 mm/yr;8–25;Low–Medium;Loam, forest soils;0.2;0.8;2;;;;;;
Blue pea / Butterfly pea (Clitoria ternatea — dye/protein);Cultivated;South/Southeast Asia;Shallow;Low–medium;800–2000 mm/yr;18–30;High;Loam;0.2;0.8;2;;;;;;
Madrone (Arbutus menziesii — traditional edible/medicinal uses, managed);Managed;Pacific NW;Shallow–medium;Low–medium;800–2000 mm/yr; -5–25;Medium;Loam;0.2;0.8;2;;;;;;
Tindora / Coccinia grandis (ivy gourd);Cultivated;Asia/Africa;Shallow;Medium;800–2000 mm/yr;18–32;High;Loam;3;8;25;;;;;;
African eggplant (Solanum aethiopicum);Domesticated;Africa;Shallow;Medium;800–2000 mm/yr;18–32;High;Loam;2;6;20;;;;;;
Garden huckleberry (Solanum scabrum — African leafy/fruit);Cultivated;Africa;Shallow;Medium;800–2000 mm/yr;18–32;High;Loam;2;6;18;;;;;;
Aronia / Chokeberry (Aronia melanocarpa — cultivated medicinal/berry);Cultivated;North America;Shallow–medium;Medium;600–1400 mm/yr; -20–30;Medium;Loam;2;6;15;;;;;;
Mountain pepper / Tasmanian pepperberry (Tasmannia lanceolata — spice);Cultivated;Australia;Shallow–medium;Medium;800–1600 mm/yr;5–25;Medium;Loam;0.1;0.4;1.2;;;;;;
Elaeagnus / Autumn olive (Elaeagnus umbellata — edible/medicinal, nitrogen-fixing);Cultivated/managed;Asia;Shallow–medium;Low–medium;400–1000 mm/yr; -10–30;High;Sandy loam;0.5;2;6;;;;;;
Hawthorn (Crataegus spp. — fruit/medicinal);Managed;Eurasia/North America;Shallow–medium;Low–medium;400–1000 mm/yr; -10–30;High;Loam;0.5;2;6;;;;;;
Blackthorn / Sloe (Prunus spinosa — fruit/liqueur);Managed;Europe;Shallow–medium;Low–medium;400–1000 mm/yr; -10–30;High;Loam;0.5;2;6;;;;;;
Sand pear (Pyrus pyrifolia — Asian pear);Cultivated;East Asia;Shallow–medium;Medium;600–1200 mm/yr; -5–30;High;Loam;10;25;50;;;;;;
Bottle gourd (Lagenaria siceraria);Domesticated;Worldwide ancient (Africa/Asia);Shallow;Low–medium;400–1200 mm/yr;10–35;High;Loam;3;10;30;;;;;;
Jabuticaba (Plinia cauliflora — Brazilian fruit tree);Cultivated;Brazil;Shallow–medium;Medium;1200–3000 mm/yr;18–30;High;Loam;1;4;12;;;;;;
Lucuma (Pouteria lucuma);Cultivated;Andes;Shallow–medium;Medium;800–2000 mm/yr;8–24;High;Loam;2;6;15;;;;;;
Pepino (Solanum muricatum);Cultivated;Andes;Shallow;Medium;600–1500 mm/yr;8–24;High;Loam;5;12;30;;;;;;
Capuacu (Theobroma grandiflorum — cacao relative cultivated in Amazon);Cultivated;Amazon;Shallow;High;2000–4000 mm/yr;20–32;High;Loam;1;4;12;;;;;;
Pili nut (Canarium ovatum — Pacific nut);Cultivated;Philippines;Deep;Medium;1500–3000 mm/yr;20–32;High;Loam;0.2;0.8;3;;;;;;
White sapote (Casimiroa edulis);Cultivated;Mexico;Shallow–medium;Medium;800–2000 mm/yr;15–30;High;Loam;2;8;20;;;;;;
Mombin / Spondias spp. (hog plum) cultivated in tropics;Cultivated;Tropics;Shallow–medium;Medium;1000–2500 mm/yr;18–32;High;Loam;2;8;25;;;;;;
Ilama / Annona diversifolia (Annona species diversity cultivated);Cultivated;Mesoamerica;Shallow–medium;Medium;1000–2500 mm/yr;18–30;High;Loam;2;8;25;;;;;;
Yaupon holly (Ilex vomitoria — caffeinated tea native to SE US);Cultivated/managed;Southeastern US;Shallow–medium;Low–medium;800–1600 mm/yr;5–30;High;Loam;0.2;0.8;2.5;;;;;;
Guava (Psidium guajava);Domesticated;Central/South America;Shallow–medium;Medium;800–2000 mm/yr;15–32;High;Loam;5;15;40;;;;;;
Chayote (Sechium edule);Domesticated;Mesoamerica;Shallow–medium;Medium;1000–2000 mm/yr;15–30;High;Loam;5;15;40;;;;;;
Brazilian peppertree (Schinus terebinthifolia — spice/ornamental managed);Cultivated;South America;Shallow–medium;Low–medium;800–2000 mm/yr;15–30;High;Loam;0.2;0.8;2.5;;;;;;
Tucuma (Astrocaryum vulgare — Amazonian palm for pulp/oil);Cultivated/managed;Amazon;Shallow–medium;High;2000–4000 mm/yr;20–32;High;Loam;1;4;12;;;;;;
Araza (Eugenia stipitata);Cultivated;Amazon;Shallow–medium;High;2000–4000 mm/yr;20–32;High;Loam;1;4;12;;;;;;
Pineapple (Ananas comosus);Domesticated;South America;Shallow;Medium;1000–2500 mm/yr;20–30;High;Loam;10;30;80;;;;;;
Babassu (Attalea speciosa — palm oil/food);Managed;South America;Deep;High;2000–4000 mm/yr;20–32;High;Loam;1;4;12;;;;;;
Pequi (Caryocar brasiliense — Brazilian fruit/nut);Cultivated/managed;Brazilian Cerrado;Deep;Low–medium;800–1600 mm/yr;20–32;High;Sandy, well-drained;0.2;0.8;2.5;;;;;;
Buriti (Mauritia flexuosa — Amazonian palm fruit/oil);Managed/cultivated;Amazon basin;Shallow–medium;High;2000–4000 mm/yr;20–32;High;Peaty, swampy soils;2;8;25;;;;;;
Kapok (Ceiba pentandra — fiber/seeds);Cultivated historically;Tropical Americas/Asia/Africa;Deep;Medium;1000–3000 mm/yr;18–32;High;Loam;0.5;2;6;;;;;;
